{"cameraMode":{"drawMode":0,"name":"Shaded","section":"Shading Mode"},"sceneLighting":false,"audioPlay":false,"sceneViewState":{"showFog":true,"showMaterialUpdate":false,"showSkybox":false,"showFlares":true,"showImageEffects":true,"showParticleSystems":true,"showVisualEffectGraphs":true,"m_FxEnabled":true},"in2DMode":false,"pivot":{"x":0.0005789399147033691,"y":0.07682231068611145,"z":0.01629418134689331},"rotation":{"x":0.24689103662967683,"y":0.33765292167663576,"z":-0.09224485605955124,"w":0.9036273956298828},"size":0.9638694524765015,"orthographic":false}